customer_id,purchased_next_30d,days_to_next_purchase,post_window_spend,next_month_loyalty_points,target_snapshot_date
1,1,15,145.05,116,2026-03-31
2,0,31,40.42,33,2026-03-31
3,1,23,214.06,130,2026-03-31
4,0,81,15.53,23,2026-03-31
5,1,21,175.98,117,2026-03-31
6,0,75,13.48,26,2026-03-31
7,0,68,24.82,23,2026-03-31
8,0,78,46.16,4,2026-03-31
9,0,41,19.59,28,2026-03-31
10,0,46,23.47,2,2026-03-31
11,1,19,107.89,175,2026-03-31
12,0,68,3.6,21,2026-03-31
13,1,29,189.89,69,2026-03-31
14,1,11,180.37,137,2026-03-31
15,1,8,155.38,147,2026-03-31
16,1,29,102.77,147,2026-03-31
17,1,5,125.89,69,2026-03-31
18,0,60,29.94,30,2026-03-31
19,1,11,157.01,82,2026-03-31
20,1,7,177.26,51,2026-03-31
21,0,77,30.75,14,2026-03-31
22,0,45,34.63,29,2026-03-31
23,1,13,205.18,59,2026-03-31
24,0,48,0.0,31,2026-03-31
25,0,41,37.03,3,2026-03-31
26,0,38,10.53,2,2026-03-31
27,0,38,10.14,9,2026-03-31
28,1,29,139.57,97,2026-03-31
29,1,8,67.41,89,2026-03-31
30,1,21,248.89,85,2026-03-31
31,1,1,161.01,143,2026-03-31
32,1,26,203.13,102,2026-03-31
33,1,14,179.17,160,2026-03-31
34,0,75,22.64,23,2026-03-31
35,1,9,126.37,144,2026-03-31
36,0,46,44.18,13,2026-03-31
37,0,69,4.01,2,2026-03-31
38,1,26,158.54,101,2026-03-31
39,0,37,20.85,27,2026-03-31
40,0,52,19.69,34,2026-03-31
41,1,30,202.54,48,2026-03-31
42,1,3,129.73,115,2026-03-31
43,0,62,18.15,11,2026-03-31
44,1,10,148.01,175,2026-03-31
45,0,42,28.41,2,2026-03-31
46,0,46,48.3,8,2026-03-31
47,1,20,193.63,69,2026-03-31
48,0,40,23.95,10,2026-03-31
49,0,64,20.31,26,2026-03-31
50,1,13,134.81,176,2026-03-31
51,0,61,2.63,25,2026-03-31
52,0,55,15.26,29,2026-03-31
53,1,5,108.22,45,2026-03-31
54,1,15,104.47,65,2026-03-31
55,1,16,167.34,84,2026-03-31
56,0,77,43.51,8,2026-03-31
57,1,28,123.89,179,2026-03-31
58,0,48,0.0,30,2026-03-31
59,1,25,67.74,49,2026-03-31
60,1,22,73.82,161,2026-03-31
61,0,89,21.76,25,2026-03-31
62,0,34,23.98,31,2026-03-31
63,1,19,76.63,114,2026-03-31
64,0,82,23.88,29,2026-03-31
65,1,5,133.84,163,2026-03-31
66,0,68,42.93,6,2026-03-31
67,0,88,27.02,4,2026-03-31
68,1,14,95.42,95,2026-03-31
69,0,56,5.04,10,2026-03-31
70,0,40,28.6,11,2026-03-31
71,1,11,171.05,135,2026-03-31
72,0,38,28.37,16,2026-03-31
73,0,51,29.21,32,2026-03-31
74,0,76,49.79,29,2026-03-31
75,1,10,235.66,165,2026-03-31
76,1,17,185.67,74,2026-03-31
77,0,64,41.72,30,2026-03-31
78,1,27,129.99,114,2026-03-31
79,1,10,181.3,110,2026-03-31
80,0,57,34.34,25,2026-03-31
81,0,48,9.57,18,2026-03-31
82,1,21,106.59,176,2026-03-31
83,0,63,35.28,0,2026-03-31
84,0,70,50.48,4,2026-03-31
85,0,50,52.27,3,2026-03-31
86,1,12,90.24,45,2026-03-31
87,1,18,118.77,95,2026-03-31
88,1,30,40.03,95,2026-03-31
89,0,49,19.21,32,2026-03-31
90,0,74,67.68,5,2026-03-31
91,0,39,13.9,34,2026-03-31
92,1,3,154.92,73,2026-03-31
93,1,27,133.96,69,2026-03-31
94,1,25,111.78,82,2026-03-31
95,1,14,192.37,60,2026-03-31
96,1,23,168.07,96,2026-03-31
97,0,77,15.87,26,2026-03-31
98,0,75,0.0,33,2026-03-31
99,0,76,45.32,31,2026-03-31
100,0,62,8.02,4,2026-03-31
101,0,32,6.92,15,2026-03-31
102,1,1,220.2,151,2026-03-31
103,0,86,4.09,6,2026-03-31
104,1,25,86.07,168,2026-03-31
105,1,26,153.45,100,2026-03-31
106,1,5,158.64,127,2026-03-31
107,0,73,18.24,7,2026-03-31
108,1,7,99.13,61,2026-03-31
109,0,49,0.0,21,2026-03-31
110,0,85,37.86,1,2026-03-31
111,0,85,7.72,31,2026-03-31
112,1,22,173.57,126,2026-03-31
113,0,35,16.43,7,2026-03-31
114,0,62,29.13,22,2026-03-31
115,1,29,174.24,125,2026-03-31
116,1,19,144.35,163,2026-03-31
117,1,12,171.24,102,2026-03-31
118,0,64,22.4,22,2026-03-31
119,0,50,15.88,27,2026-03-31
120,1,30,158.67,152,2026-03-31
121,1,6,135.06,90,2026-03-31
122,0,77,0.0,13,2026-03-31
123,0,38,35.23,23,2026-03-31
124,0,76,27.63,13,2026-03-31
125,0,88,0.0,20,2026-03-31
126,0,63,11.0,9,2026-03-31
127,1,4,115.8,105,2026-03-31
128,1,6,81.18,127,2026-03-31
129,0,68,41.54,31,2026-03-31
130,0,71,30.61,2,2026-03-31
131,1,21,164.79,155,2026-03-31
132,1,30,124.88,85,2026-03-31
133,1,30,108.79,49,2026-03-31
134,0,42,37.7,12,2026-03-31
135,0,53,23.94,24,2026-03-31
136,1,16,76.05,156,2026-03-31
137,0,49,42.51,14,2026-03-31
138,0,59,35.64,11,2026-03-31
139,1,29,146.56,148,2026-03-31
140,0,51,12.33,25,2026-03-31
141,0,79,15.7,13,2026-03-31
142,0,41,22.19,30,2026-03-31
143,0,83,0.0,12,2026-03-31
144,1,24,188.65,171,2026-03-31
145,0,42,16.43,20,2026-03-31
146,0,88,27.09,7,2026-03-31
147,1,30,138.21,88,2026-03-31
148,1,17,198.77,81,2026-03-31
149,0,74,1.87,25,2026-03-31
150,0,50,0.0,28,2026-03-31
151,1,18,115.25,164,2026-03-31
152,1,5,200.7,65,2026-03-31
153,1,25,160.04,156,2026-03-31
154,0,81,0.0,19,2026-03-31
155,1,25,63.54,121,2026-03-31
156,0,85,33.92,26,2026-03-31
157,0,82,35.68,17,2026-03-31
158,1,19,175.69,137,2026-03-31
159,0,64,33.96,34,2026-03-31
160,0,66,16.54,18,2026-03-31
161,0,37,24.75,3,2026-03-31
162,1,23,110.86,172,2026-03-31
163,0,82,28.01,5,2026-03-31
164,0,82,11.14,13,2026-03-31
165,0,86,22.74,22,2026-03-31
166,0,72,24.12,4,2026-03-31
167,0,38,36.05,29,2026-03-31
168,0,75,25.76,5,2026-03-31
169,1,14,94.82,99,2026-03-31
170,0,54,10.65,8,2026-03-31
171,0,40,28.36,25,2026-03-31
172,0,89,16.21,21,2026-03-31
173,1,17,117.35,149,2026-03-31
174,1,18,143.65,130,2026-03-31
175,1,21,144.52,87,2026-03-31
176,1,27,205.59,176,2026-03-31
177,0,78,13.83,30,2026-03-31
178,0,40,15.8,7,2026-03-31
179,0,47,20.58,8,2026-03-31
180,0,77,21.41,8,2026-03-31
181,1,1,221.6,51,2026-03-31
182,0,33,40.75,22,2026-03-31
183,0,89,14.51,14,2026-03-31
184,1,1,114.29,55,2026-03-31
185,0,85,29.43,26,2026-03-31
186,1,2,164.12,90,2026-03-31
187,0,86,8.73,21,2026-03-31
188,0,33,26.83,13,2026-03-31
189,0,89,7.31,2,2026-03-31
190,1,25,121.63,53,2026-03-31
191,0,79,30.57,29,2026-03-31
192,0,85,56.03,27,2026-03-31
193,1,22,178.44,103,2026-03-31
194,0,78,8.04,20,2026-03-31
195,0,75,33.0,3,2026-03-31
196,0,82,23.47,19,2026-03-31
197,1,4,115.29,162,2026-03-31
198,0,76,29.51,5,2026-03-31
199,0,75,9.32,15,2026-03-31
200,1,13,191.74,66,2026-03-31
201,1,19,107.28,69,2026-03-31
202,0,89,26.93,3,2026-03-31
203,0,42,0.0,27,2026-03-31
204,1,8,91.55,107,2026-03-31
205,1,27,100.26,140,2026-03-31
206,0,46,2.51,3,2026-03-31
207,0,82,5.2,31,2026-03-31
208,1,27,199.41,59,2026-03-31
209,1,22,162.68,167,2026-03-31
210,0,54,45.03,14,2026-03-31
211,0,33,35.13,32,2026-03-31
212,0,74,40.52,8,2026-03-31
213,1,9,163.03,166,2026-03-31
214,0,70,4.24,18,2026-03-31
215,0,76,11.15,8,2026-03-31
216,0,41,0.0,27,2026-03-31
217,0,66,21.86,8,2026-03-31
218,1,12,135.35,159,2026-03-31
219,0,34,22.89,2,2026-03-31
220,1,14,79.64,154,2026-03-31
221,1,24,133.8,168,2026-03-31
222,1,13,154.57,67,2026-03-31
223,0,34,14.75,3,2026-03-31
224,0,31,36.33,8,2026-03-31
225,1,19,130.1,80,2026-03-31
226,0,63,18.3,32,2026-03-31
227,1,7,172.73,114,2026-03-31
228,0,44,30.47,19,2026-03-31
229,0,41,12.06,18,2026-03-31
230,1,24,125.84,118,2026-03-31
231,0,52,31.32,30,2026-03-31
232,0,78,14.09,2,2026-03-31
233,0,81,45.97,33,2026-03-31
234,1,5,82.9,75,2026-03-31
235,1,10,164.27,70,2026-03-31
236,1,13,106.35,109,2026-03-31
237,1,5,88.46,108,2026-03-31
238,1,3,118.56,159,2026-03-31
239,1,17,137.95,47,2026-03-31
240,0,77,34.02,6,2026-03-31
241,1,18,119.38,147,2026-03-31
242,0,49,16.82,21,2026-03-31
243,0,89,28.94,10,2026-03-31
244,0,67,26.1,1,2026-03-31
245,0,84,10.66,25,2026-03-31
246,0,34,0.43,10,2026-03-31
247,0,42,31.01,22,2026-03-31
248,1,8,184.41,105,2026-03-31
249,0,86,14.82,20,2026-03-31
250,1,21,184.55,100,2026-03-31
251,0,39,61.66,29,2026-03-31
252,1,6,151.7,59,2026-03-31
253,0,33,22.38,26,2026-03-31
254,0,61,44.42,29,2026-03-31
255,0,69,1.05,25,2026-03-31
256,1,24,163.87,117,2026-03-31
257,1,15,81.99,154,2026-03-31
258,0,49,13.19,22,2026-03-31
259,1,26,141.19,126,2026-03-31
260,0,66,27.86,5,2026-03-31
261,1,7,134.92,45,2026-03-31
262,0,31,24.66,5,2026-03-31
263,1,14,229.88,92,2026-03-31
264,1,12,135.67,154,2026-03-31
265,0,87,23.97,29,2026-03-31
266,1,13,126.34,159,2026-03-31
267,0,56,35.95,19,2026-03-31
268,1,28,147.98,135,2026-03-31
269,0,57,0.75,20,2026-03-31
270,1,19,117.2,73,2026-03-31
271,1,26,191.21,160,2026-03-31
272,1,4,124.92,91,2026-03-31
273,0,82,12.14,24,2026-03-31
274,0,34,30.89,2,2026-03-31
275,0,82,43.46,5,2026-03-31
276,0,61,14.23,0,2026-03-31
277,0,71,34.87,25,2026-03-31
278,1,10,117.56,49,2026-03-31
279,1,23,121.87,125,2026-03-31
280,0,41,27.57,7,2026-03-31
281,0,51,11.88,12,2026-03-31
282,1,25,234.46,166,2026-03-31
283,1,3,235.47,54,2026-03-31
284,0,70,51.24,21,2026-03-31
285,0,62,8.47,8,2026-03-31
286,0,63,0.0,24,2026-03-31
287,1,24,96.87,57,2026-03-31
288,0,70,3.77,28,2026-03-31
289,1,9,184.48,152,2026-03-31
290,0,56,9.58,3,2026-03-31
291,1,14,219.97,70,2026-03-31
292,0,62,0.0,30,2026-03-31
293,0,32,33.59,34,2026-03-31
294,0,84,18.37,19,2026-03-31
295,1,29,42.45,170,2026-03-31
296,0,84,11.83,25,2026-03-31
297,0,40,23.92,27,2026-03-31
298,0,40,20.17,23,2026-03-31
299,1,10,227.5,118,2026-03-31
300,0,81,4.97,18,2026-03-31
301,1,11,226.37,55,2026-03-31
302,1,8,155.81,62,2026-03-31
303,0,83,10.97,28,2026-03-31
304,1,10,159.42,96,2026-03-31
305,0,51,38.8,7,2026-03-31
306,1,28,187.44,63,2026-03-31
307,0,48,35.42,27,2026-03-31
308,0,77,22.85,25,2026-03-31
309,1,19,222.89,172,2026-03-31
310,1,23,109.18,151,2026-03-31
311,1,6,131.83,141,2026-03-31
312,1,26,141.87,90,2026-03-31
313,0,66,9.83,0,2026-03-31
314,1,1,136.85,61,2026-03-31
315,0,63,36.78,19,2026-03-31
316,0,88,41.74,21,2026-03-31
317,1,5,188.57,120,2026-03-31
318,0,58,21.56,0,2026-03-31
319,0,38,13.52,0,2026-03-31
320,0,69,43.0,26,2026-03-31
321,1,30,228.01,108,2026-03-31
322,0,82,0.0,22,2026-03-31
323,0,42,40.46,1,2026-03-31
324,1,19,147.48,45,2026-03-31
325,0,59,27.23,25,2026-03-31
326,1,10,108.54,97,2026-03-31
327,1,7,103.75,110,2026-03-31
328,0,88,0.0,30,2026-03-31
329,0,65,25.41,12,2026-03-31
330,1,10,124.58,156,2026-03-31
331,1,13,190.8,141,2026-03-31
332,0,72,11.15,28,2026-03-31
333,0,54,0.0,23,2026-03-31
334,0,80,31.98,32,2026-03-31
335,0,60,44.69,0,2026-03-31
336,0,85,29.32,25,2026-03-31
337,0,86,9.76,26,2026-03-31
338,1,18,137.41,96,2026-03-31
339,1,17,82.21,79,2026-03-31
340,0,64,32.31,7,2026-03-31
341,1,12,170.89,91,2026-03-31
342,0,54,3.92,20,2026-03-31
343,0,77,23.79,23,2026-03-31
344,0,38,15.89,4,2026-03-31
345,1,1,134.27,128,2026-03-31
346,0,52,20.94,31,2026-03-31
347,1,28,194.18,145,2026-03-31
348,1,1,115.3,84,2026-03-31
349,1,21,241.63,100,2026-03-31
350,0,38,28.75,9,2026-03-31
351,0,87,44.57,28,2026-03-31
352,0,34,38.0,9,2026-03-31
353,1,5,104.86,91,2026-03-31
354,1,20,176.91,60,2026-03-31
355,1,4,128.8,135,2026-03-31
356,0,38,0.0,27,2026-03-31
357,0,80,0.0,23,2026-03-31
358,0,51,30.42,10,2026-03-31
359,1,16,75.25,70,2026-03-31
360,0,49,10.31,33,2026-03-31
361,1,4,140.2,139,2026-03-31
362,0,32,39.83,28,2026-03-31
363,0,83,32.6,24,2026-03-31
364,0,32,2.18,8,2026-03-31
365,1,11,129.36,47,2026-03-31
366,0,37,0.0,24,2026-03-31
367,0,66,11.19,4,2026-03-31
368,0,51,28.28,34,2026-03-31
369,0,78,17.45,4,2026-03-31
370,1,24,136.27,158,2026-03-31
371,0,87,35.23,14,2026-03-31
372,0,58,22.56,28,2026-03-31
373,0,56,7.65,22,2026-03-31
374,0,87,44.62,8,2026-03-31
375,1,12,143.46,142,2026-03-31
376,1,23,92.75,145,2026-03-31
377,0,56,28.3,12,2026-03-31
378,0,41,0.06,28,2026-03-31
379,0,45,0.0,29,2026-03-31
380,0,52,10.56,19,2026-03-31
381,0,59,34.93,8,2026-03-31
382,0,41,12.41,6,2026-03-31
383,0,44,16.09,5,2026-03-31
384,0,84,51.82,11,2026-03-31
385,0,39,0.0,14,2026-03-31
386,0,89,35.27,33,2026-03-31
387,0,60,4.37,24,2026-03-31
388,0,57,36.08,19,2026-03-31
389,1,23,178.53,98,2026-03-31
390,1,9,136.79,80,2026-03-31
391,0,77,8.36,11,2026-03-31
392,1,25,157.67,47,2026-03-31
393,1,13,137.94,66,2026-03-31
394,1,28,197.45,72,2026-03-31
395,0,78,13.84,13,2026-03-31
396,1,19,166.98,178,2026-03-31
397,0,44,27.9,14,2026-03-31
398,0,50,0.0,3,2026-03-31
399,0,34,24.05,25,2026-03-31
400,0,49,13.93,5,2026-03-31
401,1,23,153.37,169,2026-03-31
402,1,29,207.11,127,2026-03-31
403,1,1,157.92,102,2026-03-31
404,0,56,16.51,7,2026-03-31
405,0,54,30.07,15,2026-03-31
406,0,82,22.57,16,2026-03-31
407,0,68,33.2,0,2026-03-31
408,0,77,9.73,27,2026-03-31
409,0,51,29.97,7,2026-03-31
410,0,76,24.04,9,2026-03-31
411,0,33,26.77,28,2026-03-31
412,0,60,14.94,26,2026-03-31
413,1,11,173.03,72,2026-03-31
414,1,23,104.37,133,2026-03-31
415,1,19,163.71,171,2026-03-31
416,1,2,64.61,144,2026-03-31
417,1,8,114.09,155,2026-03-31
418,1,9,147.58,170,2026-03-31
419,1,17,140.93,128,2026-03-31
420,1,24,174.57,128,2026-03-31
421,0,70,31.14,1,2026-03-31
422,0,32,0.0,23,2026-03-31
423,0,79,50.27,24,2026-03-31
424,0,63,63.79,34,2026-03-31
425,0,88,35.23,11,2026-03-31
426,1,16,137.16,74,2026-03-31
427,0,54,9.98,27,2026-03-31
428,1,13,121.47,177,2026-03-31
429,0,55,18.18,31,2026-03-31
430,0,89,31.88,33,2026-03-31
431,0,60,21.38,16,2026-03-31
432,1,8,105.85,81,2026-03-31
433,0,51,15.74,9,2026-03-31
434,1,15,150.67,71,2026-03-31
435,0,71,19.8,7,2026-03-31
436,0,42,26.09,9,2026-03-31
437,0,64,11.15,1,2026-03-31
438,1,6,168.18,86,2026-03-31
439,0,70,0.0,2,2026-03-31
440,0,58,42.68,30,2026-03-31
441,0,77,24.76,27,2026-03-31
442,1,25,80.35,56,2026-03-31
443,1,29,191.83,108,2026-03-31
444,1,15,139.51,179,2026-03-31
445,1,25,164.97,78,2026-03-31
446,1,16,96.39,144,2026-03-31
447,1,30,159.03,174,2026-03-31
448,1,30,135.21,124,2026-03-31
449,0,60,30.27,25,2026-03-31
450,1,3,209.99,113,2026-03-31
451,0,43,24.11,23,2026-03-31
452,1,15,167.03,107,2026-03-31
453,1,14,191.53,166,2026-03-31
454,0,50,18.21,19,2026-03-31
455,0,66,30.77,24,2026-03-31
456,0,47,42.08,21,2026-03-31
457,0,34,20.69,6,2026-03-31
458,1,5,178.71,133,2026-03-31
459,0,38,44.44,18,2026-03-31
460,1,29,86.29,158,2026-03-31
461,0,37,18.54,32,2026-03-31
462,0,46,28.81,2,2026-03-31
463,1,4,174.9,109,2026-03-31
464,1,11,146.2,79,2026-03-31
465,0,36,27.87,20,2026-03-31
466,1,3,125.73,88,2026-03-31
467,0,82,10.07,16,2026-03-31
468,0,36,16.64,9,2026-03-31
469,0,71,39.03,18,2026-03-31
470,1,6,129.09,135,2026-03-31
471,1,17,133.71,91,2026-03-31
472,1,26,172.09,108,2026-03-31
473,0,47,16.92,17,2026-03-31
474,1,29,180.3,101,2026-03-31
475,1,5,97.74,57,2026-03-31
476,0,64,1.33,18,2026-03-31
477,1,24,106.36,142,2026-03-31
478,0,41,0.0,18,2026-03-31
479,1,14,147.7,179,2026-03-31
480,0,36,0.0,25,2026-03-31
481,0,90,10.94,1,2026-03-31
482,1,13,160.26,82,2026-03-31
483,0,89,18.49,14,2026-03-31
484,0,85,33.62,18,2026-03-31
485,0,69,17.05,32,2026-03-31
486,0,47,29.35,19,2026-03-31
487,0,83,8.92,9,2026-03-31
488,0,73,18.73,16,2026-03-31
489,0,61,1.4,29,2026-03-31
490,0,52,25.34,13,2026-03-31
491,1,1,95.57,167,2026-03-31
492,0,40,23.37,21,2026-03-31
493,0,84,26.03,4,2026-03-31
494,1,8,161.05,167,2026-03-31
495,0,81,37.63,13,2026-03-31
496,0,73,35.34,25,2026-03-31
497,1,22,129.39,105,2026-03-31
498,0,49,3.4,19,2026-03-31
499,0,81,37.18,9,2026-03-31
500,0,47,29.41,15,2026-03-31
501,0,50,17.02,2,2026-03-31
502,0,80,22.96,5,2026-03-31
503,0,51,12.55,26,2026-03-31
504,1,16,167.54,57,2026-03-31
505,0,65,28.93,17,2026-03-31
506,1,29,150.66,126,2026-03-31
507,0,56,53.07,11,2026-03-31
508,1,6,126.34,51,2026-03-31
509,1,12,173.7,88,2026-03-31
510,0,56,2.51,23,2026-03-31
511,0,89,23.59,13,2026-03-31
512,1,19,128.73,67,2026-03-31
513,1,9,203.13,105,2026-03-31
514,1,14,108.81,95,2026-03-31
515,0,49,35.92,10,2026-03-31
516,0,46,25.29,25,2026-03-31
517,0,71,18.09,7,2026-03-31
518,1,14,111.51,88,2026-03-31
519,1,23,175.12,162,2026-03-31
520,1,23,219.78,103,2026-03-31
521,1,10,148.44,169,2026-03-31
522,1,17,210.86,88,2026-03-31
523,0,70,31.66,28,2026-03-31
524,0,76,47.89,23,2026-03-31
525,1,9,167.73,120,2026-03-31
526,0,57,17.69,13,2026-03-31
527,0,65,33.87,12,2026-03-31
528,0,68,7.1,7,2026-03-31
529,0,44,26.46,34,2026-03-31
530,0,51,26.3,14,2026-03-31
531,0,41,22.17,4,2026-03-31
532,0,51,33.29,4,2026-03-31
533,0,49,22.93,32,2026-03-31
534,1,27,165.54,139,2026-03-31
535,0,86,4.62,13,2026-03-31
536,1,4,185.33,101,2026-03-31
537,0,75,33.7,16,2026-03-31
538,0,59,12.15,24,2026-03-31
539,1,24,113.73,105,2026-03-31
540,0,33,27.16,18,2026-03-31
541,0,56,6.42,18,2026-03-31
542,0,39,41.58,5,2026-03-31
543,0,63,28.97,0,2026-03-31
544,1,27,93.49,74,2026-03-31
545,1,26,96.38,119,2026-03-31
546,0,75,0.0,33,2026-03-31
547,0,77,0.0,22,2026-03-31
548,1,22,159.72,112,2026-03-31
549,0,44,11.88,10,2026-03-31
550,1,2,200.15,60,2026-03-31
551,0,64,0.0,15,2026-03-31
552,0,60,33.33,20,2026-03-31
553,0,52,23.46,2,2026-03-31
554,0,74,25.57,15,2026-03-31
555,0,36,27.4,9,2026-03-31
556,0,67,28.42,11,2026-03-31
557,0,54,20.55,34,2026-03-31
558,1,24,115.55,53,2026-03-31
559,1,24,96.88,86,2026-03-31
560,0,52,0.0,17,2026-03-31
561,0,74,1.55,6,2026-03-31
562,0,89,48.57,5,2026-03-31
563,0,86,45.77,23,2026-03-31
564,1,4,98.54,152,2026-03-31
565,0,33,28.52,23,2026-03-31
566,1,14,107.45,71,2026-03-31
567,0,31,56.48,21,2026-03-31
568,0,56,5.53,23,2026-03-31
569,0,65,29.52,20,2026-03-31
570,0,68,22.4,7,2026-03-31
571,0,71,31.05,5,2026-03-31
572,0,40,37.95,31,2026-03-31
573,1,21,97.22,164,2026-03-31
574,0,41,44.59,15,2026-03-31
575,0,63,11.57,21,2026-03-31
576,0,51,0.0,30,2026-03-31
577,1,26,188.13,91,2026-03-31
578,0,66,19.7,12,2026-03-31
579,1,6,48.43,68,2026-03-31
580,1,13,215.67,121,2026-03-31
581,0,90,30.0,8,2026-03-31
582,0,52,11.33,4,2026-03-31
583,1,29,139.18,154,2026-03-31
584,0,87,28.74,3,2026-03-31
585,0,89,29.88,5,2026-03-31
586,1,22,142.56,86,2026-03-31
587,0,33,14.67,19,2026-03-31
588,1,13,210.71,74,2026-03-31
589,1,21,242.97,56,2026-03-31
590,0,71,35.96,9,2026-03-31
591,0,76,26.41,29,2026-03-31
592,1,15,86.01,149,2026-03-31
593,0,44,55.89,30,2026-03-31
594,0,65,21.55,14,2026-03-31
595,0,64,11.93,20,2026-03-31
596,0,85,7.67,9,2026-03-31
597,1,22,137.14,105,2026-03-31
598,1,10,134.14,127,2026-03-31
599,0,55,3.95,30,2026-03-31
600,0,74,19.26,34,2026-03-31
601,1,6,78.53,123,2026-03-31
602,1,23,184.48,100,2026-03-31
603,0,49,32.85,8,2026-03-31
604,0,31,20.17,29,2026-03-31
605,1,12,172.48,160,2026-03-31
606,0,39,6.02,16,2026-03-31
607,0,52,13.7,12,2026-03-31
608,0,33,7.14,15,2026-03-31
609,1,30,117.4,136,2026-03-31
610,0,67,0.0,24,2026-03-31
611,1,12,210.39,103,2026-03-31
612,0,42,22.01,12,2026-03-31
613,1,28,15.0,108,2026-03-31
614,0,59,26.03,32,2026-03-31
615,1,3,146.11,50,2026-03-31
616,0,64,26.96,30,2026-03-31
617,0,37,40.91,17,2026-03-31
618,0,66,0.0,18,2026-03-31
619,1,8,136.35,96,2026-03-31
620,0,81,15.25,14,2026-03-31
621,0,76,45.21,17,2026-03-31
622,1,29,76.09,108,2026-03-31
623,0,59,9.03,30,2026-03-31
624,0,56,23.75,8,2026-03-31
625,0,52,0.11,6,2026-03-31
626,0,80,45.42,7,2026-03-31
627,0,60,28.09,25,2026-03-31
628,0,83,20.73,33,2026-03-31
629,0,42,26.81,24,2026-03-31
630,1,19,204.28,131,2026-03-31
631,1,14,85.02,148,2026-03-31
632,1,30,160.96,77,2026-03-31
633,0,48,38.26,23,2026-03-31
634,0,55,22.4,34,2026-03-31
635,0,54,27.3,24,2026-03-31
636,0,34,38.96,23,2026-03-31
637,1,12,153.07,86,2026-03-31
638,0,82,14.09,2,2026-03-31
639,1,12,127.66,149,2026-03-31
640,0,55,24.52,17,2026-03-31
641,1,16,220.28,129,2026-03-31
642,1,18,129.86,81,2026-03-31
643,0,66,36.27,26,2026-03-31
644,0,32,0.0,8,2026-03-31
645,0,40,6.79,0,2026-03-31
646,1,6,145.7,56,2026-03-31
647,1,26,168.31,140,2026-03-31
648,0,75,10.54,9,2026-03-31
649,0,74,0.0,16,2026-03-31
650,1,13,246.9,105,2026-03-31
651,0,56,33.8,15,2026-03-31
652,1,7,143.63,66,2026-03-31
653,1,26,119.56,140,2026-03-31
654,1,24,104.86,157,2026-03-31
655,0,68,35.21,12,2026-03-31
656,1,7,86.74,179,2026-03-31
657,0,43,25.36,1,2026-03-31
658,0,46,7.98,29,2026-03-31
659,0,87,13.27,18,2026-03-31
660,0,75,13.03,19,2026-03-31
661,0,38,18.1,12,2026-03-31
662,1,20,129.18,158,2026-03-31
663,0,87,6.61,0,2026-03-31
664,0,42,21.59,29,2026-03-31
665,0,73,43.58,29,2026-03-31
666,0,67,4.8,33,2026-03-31
667,0,60,24.97,20,2026-03-31
668,1,5,159.31,58,2026-03-31
669,0,46,24.2,33,2026-03-31
670,0,59,23.95,31,2026-03-31
671,0,53,9.84,9,2026-03-31
672,1,11,141.4,107,2026-03-31
673,0,59,37.95,2,2026-03-31
674,0,79,42.11,9,2026-03-31
675,0,74,31.05,25,2026-03-31
676,1,20,182.84,158,2026-03-31
677,0,55,21.15,17,2026-03-31
678,0,35,8.03,31,2026-03-31
679,1,14,71.13,77,2026-03-31
680,0,32,26.67,28,2026-03-31
681,0,88,28.81,1,2026-03-31
682,0,56,41.98,33,2026-03-31
683,0,79,22.83,21,2026-03-31
684,0,78,11.09,23,2026-03-31
685,1,20,141.17,65,2026-03-31
686,0,76,26.78,30,2026-03-31
687,1,25,130.16,61,2026-03-31
688,0,65,16.21,12,2026-03-31
689,1,11,149.81,170,2026-03-31
690,1,9,115.56,123,2026-03-31
691,1,27,165.19,144,2026-03-31
692,0,77,28.8,34,2026-03-31
693,0,53,35.34,12,2026-03-31
694,0,70,22.25,33,2026-03-31
695,0,43,31.94,6,2026-03-31
696,0,32,6.22,15,2026-03-31
697,0,90,18.29,20,2026-03-31
698,0,84,8.61,25,2026-03-31
699,0,36,29.92,16,2026-03-31
700,1,1,152.23,70,2026-03-31
701,1,15,202.55,61,2026-03-31
702,1,1,194.72,136,2026-03-31
703,1,17,217.88,53,2026-03-31
704,0,46,40.68,1,2026-03-31
705,1,2,107.64,144,2026-03-31
706,1,18,86.47,161,2026-03-31
707,1,27,181.85,120,2026-03-31
708,1,25,190.72,154,2026-03-31
709,1,18,47.11,126,2026-03-31
710,0,37,37.88,9,2026-03-31
711,0,49,0.0,18,2026-03-31
712,0,48,6.08,8,2026-03-31
713,1,24,187.26,159,2026-03-31
714,0,72,45.93,20,2026-03-31
715,0,52,42.49,26,2026-03-31
716,0,53,24.08,10,2026-03-31
717,0,79,21.2,17,2026-03-31
718,0,85,16.84,21,2026-03-31
719,0,46,37.53,30,2026-03-31
720,1,1,136.09,124,2026-03-31
721,0,52,35.36,18,2026-03-31
722,1,21,161.9,165,2026-03-31
723,1,25,118.64,119,2026-03-31
724,0,62,26.44,6,2026-03-31
725,0,40,24.35,17,2026-03-31
726,0,74,15.77,6,2026-03-31
727,1,30,92.59,91,2026-03-31
728,0,45,24.23,15,2026-03-31
729,0,78,12.46,26,2026-03-31
730,1,4,157.46,139,2026-03-31
731,1,24,143.22,98,2026-03-31
732,0,48,32.78,26,2026-03-31
733,0,89,28.34,30,2026-03-31
734,1,8,123.61,88,2026-03-31
735,1,7,143.08,136,2026-03-31
736,0,50,27.94,16,2026-03-31
737,0,43,35.28,24,2026-03-31
738,1,19,260.38,172,2026-03-31
739,0,66,35.35,0,2026-03-31
740,0,74,11.44,12,2026-03-31
741,0,47,34.33,20,2026-03-31
742,0,50,15.3,29,2026-03-31
743,0,87,7.56,20,2026-03-31
744,0,76,12.47,15,2026-03-31
745,0,43,8.49,6,2026-03-31
746,1,16,85.61,154,2026-03-31
747,1,4,102.41,112,2026-03-31
748,0,43,38.11,30,2026-03-31
749,0,60,38.17,5,2026-03-31
750,0,55,20.08,23,2026-03-31
751,0,64,32.25,26,2026-03-31
752,0,89,0.86,9,2026-03-31
753,0,49,9.02,25,2026-03-31
754,1,22,120.51,137,2026-03-31
755,1,19,129.75,177,2026-03-31
756,1,8,172.67,66,2026-03-31
757,0,33,14.09,27,2026-03-31
758,1,14,113.74,156,2026-03-31
759,1,30,158.33,111,2026-03-31
760,0,35,5.64,31,2026-03-31
761,0,69,36.53,15,2026-03-31
762,0,37,19.57,17,2026-03-31
763,1,9,85.35,113,2026-03-31
764,0,82,10.93,14,2026-03-31
765,0,50,6.27,30,2026-03-31
766,1,12,164.83,143,2026-03-31
767,1,18,169.47,62,2026-03-31
768,1,16,152.78,179,2026-03-31
769,1,21,132.03,84,2026-03-31
770,0,78,45.99,7,2026-03-31
771,1,18,104.22,61,2026-03-31
772,0,73,18.45,2,2026-03-31
773,0,71,7.36,21,2026-03-31
774,1,15,149.38,129,2026-03-31
775,1,22,125.07,169,2026-03-31
776,1,3,133.75,141,2026-03-31
777,1,5,151.42,112,2026-03-31
778,1,20,147.84,146,2026-03-31
779,1,2,129.01,82,2026-03-31
780,0,73,20.29,9,2026-03-31
781,1,23,216.25,68,2026-03-31
782,0,34,9.47,21,2026-03-31
783,1,22,179.33,166,2026-03-31
784,0,79,17.2,34,2026-03-31
785,1,22,134.03,93,2026-03-31
786,0,67,9.9,13,2026-03-31
787,0,82,13.76,34,2026-03-31
788,1,10,93.76,140,2026-03-31
789,0,41,5.5,14,2026-03-31
790,0,56,31.23,5,2026-03-31
791,0,71,30.98,15,2026-03-31
792,0,87,19.37,26,2026-03-31
793,0,32,4.89,15,2026-03-31
794,0,56,12.23,27,2026-03-31
795,1,15,122.13,115,2026-03-31
796,0,33,2.16,18,2026-03-31
797,0,58,2.44,9,2026-03-31
798,0,60,17.32,27,2026-03-31
799,0,60,0.0,34,2026-03-31
800,1,28,104.5,122,2026-03-31
801,0,47,23.94,20,2026-03-31
802,0,33,41.8,31,2026-03-31
803,0,53,3.1,18,2026-03-31
804,1,20,185.11,158,2026-03-31
805,0,78,33.42,24,2026-03-31
806,1,23,180.27,58,2026-03-31
807,1,9,138.13,129,2026-03-31
808,1,19,188.28,69,2026-03-31
809,0,83,10.03,19,2026-03-31
810,0,47,42.81,34,2026-03-31
811,0,84,18.2,17,2026-03-31
812,1,22,125.07,80,2026-03-31
813,0,68,0.0,25,2026-03-31
814,0,44,81.68,24,2026-03-31
815,0,48,21.77,24,2026-03-31
816,0,80,41.66,16,2026-03-31
817,1,3,157.72,165,2026-03-31
818,0,90,27.65,5,2026-03-31
819,1,30,178.64,96,2026-03-31
820,0,40,48.3,33,2026-03-31
821,1,10,193.27,169,2026-03-31
822,1,26,136.89,162,2026-03-31
823,0,69,22.39,24,2026-03-31
824,1,26,146.86,115,2026-03-31
825,0,74,25.47,24,2026-03-31
826,0,64,25.11,14,2026-03-31
827,1,19,189.64,79,2026-03-31
828,1,8,115.08,101,2026-03-31
829,0,69,19.54,19,2026-03-31
830,0,39,36.57,12,2026-03-31
831,1,15,140.63,110,2026-03-31
832,1,28,144.05,162,2026-03-31
833,1,28,89.15,95,2026-03-31
834,0,45,0.0,19,2026-03-31
835,0,88,24.84,27,2026-03-31
836,0,46,2.55,8,2026-03-31
837,0,77,3.44,31,2026-03-31
838,1,22,189.44,133,2026-03-31
839,0,47,0.0,2,2026-03-31
840,1,3,160.62,79,2026-03-31
841,1,25,72.18,104,2026-03-31
842,1,5,95.75,77,2026-03-31
843,1,9,212.93,86,2026-03-31
844,0,85,15.62,28,2026-03-31
845,1,29,153.08,122,2026-03-31
846,0,81,61.14,0,2026-03-31
847,1,8,133.34,52,2026-03-31
848,0,84,23.46,28,2026-03-31
849,0,89,33.17,22,2026-03-31
850,1,18,167.22,177,2026-03-31
851,0,71,12.68,9,2026-03-31
852,0,42,16.09,23,2026-03-31
853,1,13,154.38,156,2026-03-31
854,1,30,79.38,135,2026-03-31
855,1,21,135.39,172,2026-03-31
856,0,71,51.3,26,2026-03-31
857,0,42,18.23,14,2026-03-31
858,0,64,15.22,14,2026-03-31
859,1,21,106.52,141,2026-03-31
860,0,64,14.95,1,2026-03-31
861,0,79,26.61,9,2026-03-31
862,1,27,44.19,54,2026-03-31
863,1,8,185.31,141,2026-03-31
864,1,21,143.69,45,2026-03-31
865,0,53,0.0,16,2026-03-31
866,1,19,183.63,58,2026-03-31
867,0,48,36.31,13,2026-03-31
868,0,66,13.74,27,2026-03-31
869,1,6,170.23,163,2026-03-31
870,0,68,39.47,27,2026-03-31
871,0,71,20.97,7,2026-03-31
872,0,68,32.29,20,2026-03-31
873,1,6,146.06,122,2026-03-31
874,0,49,9.26,30,2026-03-31
875,1,5,213.01,115,2026-03-31
876,0,74,27.37,30,2026-03-31
877,0,68,9.92,0,2026-03-31
878,1,14,230.99,76,2026-03-31
879,0,86,27.26,30,2026-03-31
880,1,15,123.91,118,2026-03-31
881,0,31,17.22,33,2026-03-31
882,0,39,48.62,12,2026-03-31
883,1,17,112.74,157,2026-03-31
884,1,1,180.14,64,2026-03-31
885,1,8,196.41,101,2026-03-31
886,0,57,13.41,6,2026-03-31
887,0,68,0.0,12,2026-03-31
888,0,76,23.33,32,2026-03-31
889,1,7,172.28,159,2026-03-31
890,1,3,162.6,72,2026-03-31
891,0,39,18.37,25,2026-03-31
892,0,51,32.99,30,2026-03-31
893,0,76,0.0,7,2026-03-31
894,0,74,20.26,12,2026-03-31
895,1,18,51.93,147,2026-03-31
896,0,84,14.63,6,2026-03-31
897,0,69,46.11,3,2026-03-31
898,0,32,26.57,14,2026-03-31
899,0,58,57.5,1,2026-03-31
900,1,14,179.05,152,2026-03-31
901,0,80,40.5,10,2026-03-31
902,0,65,35.73,6,2026-03-31
903,0,43,0.0,10,2026-03-31
904,0,31,12.98,22,2026-03-31
905,0,37,43.35,5,2026-03-31
906,0,86,28.67,34,2026-03-31
907,0,45,10.16,10,2026-03-31
908,1,14,172.53,47,2026-03-31
909,1,22,194.2,101,2026-03-31
910,1,25,57.36,149,2026-03-31
911,1,3,131.37,98,2026-03-31
912,0,88,46.78,9,2026-03-31
913,0,54,37.09,4,2026-03-31
914,0,76,0.0,22,2026-03-31
915,1,29,132.22,130,2026-03-31
916,0,78,11.38,22,2026-03-31
917,1,19,257.07,153,2026-03-31
918,0,75,23.31,0,2026-03-31
919,0,63,18.44,5,2026-03-31
920,1,3,180.19,148,2026-03-31
921,1,11,142.3,145,2026-03-31
922,0,81,34.84,2,2026-03-31
923,1,6,169.78,167,2026-03-31
924,0,62,17.16,22,2026-03-31
925,1,9,126.88,53,2026-03-31
926,1,1,225.88,160,2026-03-31
927,1,14,105.6,78,2026-03-31
928,1,6,109.22,78,2026-03-31
929,1,26,153.92,151,2026-03-31
930,0,73,33.44,24,2026-03-31
931,1,13,172.85,162,2026-03-31
932,0,74,30.61,24,2026-03-31
933,0,90,43.33,20,2026-03-31
934,1,25,195.67,139,2026-03-31
935,1,15,165.72,141,2026-03-31
936,1,30,195.84,175,2026-03-31
937,0,48,9.45,18,2026-03-31
938,1,6,147.84,47,2026-03-31
939,0,33,18.25,29,2026-03-31
940,0,58,18.74,20,2026-03-31
941,1,9,202.67,58,2026-03-31
942,1,24,97.03,135,2026-03-31
943,0,66,33.09,26,2026-03-31
944,0,86,3.83,17,2026-03-31
945,0,69,31.65,12,2026-03-31
946,0,62,34.52,15,2026-03-31
947,1,17,125.55,96,2026-03-31
948,0,74,8.37,32,2026-03-31
949,1,26,88.24,173,2026-03-31
950,0,81,0.0,21,2026-03-31
951,1,20,119.76,82,2026-03-31
952,0,76,34.33,31,2026-03-31
953,1,22,90.72,71,2026-03-31
954,1,20,150.98,108,2026-03-31
955,0,54,30.59,8,2026-03-31
956,1,5,189.75,111,2026-03-31
957,0,51,20.59,34,2026-03-31
958,0,71,28.2,4,2026-03-31
959,0,48,29.66,13,2026-03-31
960,0,80,15.4,18,2026-03-31
961,1,28,141.75,144,2026-03-31
962,1,14,162.44,174,2026-03-31
963,0,65,44.18,19,2026-03-31
964,1,16,101.57,67,2026-03-31
965,1,16,189.88,147,2026-03-31
966,0,84,0.0,3,2026-03-31
967,1,12,142.11,132,2026-03-31
968,0,38,0.0,19,2026-03-31
969,1,16,252.01,63,2026-03-31
970,0,46,39.69,8,2026-03-31
971,1,2,180.83,109,2026-03-31
972,0,57,31.11,27,2026-03-31
973,0,39,30.51,7,2026-03-31
974,0,43,31.55,26,2026-03-31
975,1,6,138.71,169,2026-03-31
976,0,71,18.54,34,2026-03-31
977,0,54,15.75,8,2026-03-31
978,0,46,0.0,0,2026-03-31
979,0,60,23.33,9,2026-03-31
980,0,55,21.17,24,2026-03-31
981,1,17,152.4,156,2026-03-31
982,0,53,11.77,4,2026-03-31
983,0,36,9.85,19,2026-03-31
984,0,82,2.79,30,2026-03-31
985,0,77,44.9,18,2026-03-31
986,1,19,135.83,151,2026-03-31
987,1,12,205.08,134,2026-03-31
988,1,15,133.24,138,2026-03-31
989,0,70,38.79,27,2026-03-31
990,0,87,0.0,32,2026-03-31
991,1,21,122.02,162,2026-03-31
992,0,69,39.37,3,2026-03-31
993,0,64,34.73,33,2026-03-31
994,1,26,201.43,94,2026-03-31
995,1,3,98.59,87,2026-03-31
996,1,27,63.72,143,2026-03-31
997,0,74,3.11,12,2026-03-31
998,1,2,87.49,100,2026-03-31
999,0,62,29.68,33,2026-03-31
1000,1,11,167.08,49,2026-03-31
1001,0,41,23.52,27,2026-03-31
1002,1,24,132.09,72,2026-03-31
1003,1,14,93.02,78,2026-03-31
1004,0,33,16.03,28,2026-03-31
1005,1,3,173.22,75,2026-03-31
1006,1,6,80.81,47,2026-03-31
1007,0,37,26.18,1,2026-03-31
1008,0,76,2.65,8,2026-03-31
1009,1,14,215.07,146,2026-03-31
1010,1,12,153.84,116,2026-03-31
1011,0,37,22.33,23,2026-03-31
1012,1,17,153.43,90,2026-03-31
1013,0,70,29.07,3,2026-03-31
1014,1,4,155.94,130,2026-03-31
1015,0,44,33.45,17,2026-03-31
1016,0,39,19.57,3,2026-03-31
1017,0,73,40.03,34,2026-03-31
1018,0,89,15.59,21,2026-03-31
1019,1,3,182.19,125,2026-03-31
1020,1,28,169.37,172,2026-03-31
1021,1,27,141.06,68,2026-03-31
1022,0,46,5.07,8,2026-03-31
1023,1,10,166.65,88,2026-03-31
1024,1,22,129.81,56,2026-03-31
1025,1,13,140.91,106,2026-03-31
1026,1,20,162.6,81,2026-03-31
1027,0,63,0.0,5,2026-03-31
1028,0,90,20.6,8,2026-03-31
1029,1,20,173.5,123,2026-03-31
1030,0,62,28.62,5,2026-03-31
1031,0,86,20.5,28,2026-03-31
1032,1,27,160.67,154,2026-03-31
1033,0,62,17.89,33,2026-03-31
1034,0,44,24.53,11,2026-03-31
1035,0,90,24.76,19,2026-03-31
1036,0,85,23.22,10,2026-03-31
1037,1,17,95.89,67,2026-03-31
1038,1,28,129.24,127,2026-03-31
1039,1,13,174.12,90,2026-03-31
1040,1,11,116.91,145,2026-03-31
1041,0,71,12.0,16,2026-03-31
1042,1,11,121.39,77,2026-03-31
1043,1,26,200.97,174,2026-03-31
1044,0,37,12.4,8,2026-03-31
1045,0,66,0.0,4,2026-03-31
1046,0,35,43.59,24,2026-03-31
1047,0,58,15.39,1,2026-03-31
1048,0,88,12.67,12,2026-03-31
1049,1,3,115.11,117,2026-03-31
1050,0,38,11.76,8,2026-03-31
1051,0,73,12.17,16,2026-03-31
1052,0,76,13.51,21,2026-03-31
1053,0,35,34.09,20,2026-03-31
1054,1,27,57.48,63,2026-03-31
1055,0,52,37.88,29,2026-03-31
1056,0,86,37.31,22,2026-03-31
1057,1,17,129.33,157,2026-03-31
1058,0,49,29.52,12,2026-03-31
1059,0,87,7.34,18,2026-03-31
1060,0,55,39.17,12,2026-03-31
1061,0,64,14.6,18,2026-03-31
1062,0,72,14.92,6,2026-03-31
1063,1,4,85.26,103,2026-03-31
1064,0,72,30.97,10,2026-03-31
1065,1,5,168.38,95,2026-03-31
1066,0,43,25.17,18,2026-03-31
1067,1,4,138.21,47,2026-03-31
1068,0,36,25.08,10,2026-03-31
1069,0,85,23.11,0,2026-03-31
1070,1,29,178.77,149,2026-03-31
1071,0,37,24.19,13,2026-03-31
1072,0,46,31.24,0,2026-03-31
1073,0,46,24.33,1,2026-03-31
1074,1,15,124.24,82,2026-03-31
1075,0,48,32.17,15,2026-03-31
1076,1,10,107.84,67,2026-03-31
1077,0,52,12.08,9,2026-03-31
1078,1,7,112.78,161,2026-03-31
1079,0,75,9.41,21,2026-03-31
1080,0,37,25.31,24,2026-03-31
1081,0,78,11.14,4,2026-03-31
1082,1,13,97.79,109,2026-03-31
1083,0,61,43.05,4,2026-03-31
1084,0,63,35.62,16,2026-03-31
1085,0,66,27.4,13,2026-03-31
1086,1,21,202.8,52,2026-03-31
1087,1,19,133.66,77,2026-03-31
1088,0,89,28.2,32,2026-03-31
1089,1,21,177.85,53,2026-03-31
1090,1,11,119.4,61,2026-03-31
1091,1,14,149.18,54,2026-03-31
1092,1,21,154.1,80,2026-03-31
1093,1,14,109.55,45,2026-03-31
1094,1,8,100.61,100,2026-03-31
1095,1,24,121.94,162,2026-03-31
1096,0,90,22.4,18,2026-03-31
1097,0,33,50.21,1,2026-03-31
1098,0,80,14.84,11,2026-03-31
1099,1,5,125.71,118,2026-03-31
1100,0,55,10.11,28,2026-03-31
1101,0,61,63.22,19,2026-03-31
1102,1,1,114.69,114,2026-03-31
1103,0,66,20.68,17,2026-03-31
1104,0,67,8.08,2,2026-03-31
1105,1,7,222.28,166,2026-03-31
1106,1,22,118.74,144,2026-03-31
1107,0,57,17.2,22,2026-03-31
1108,1,17,193.15,149,2026-03-31
1109,0,75,9.58,8,2026-03-31
1110,0,45,34.65,31,2026-03-31
1111,0,68,9.97,27,2026-03-31
1112,1,13,228.57,57,2026-03-31
1113,1,25,98.53,148,2026-03-31
1114,1,13,166.19,92,2026-03-31
1115,0,69,5.37,19,2026-03-31
1116,0,75,0.0,18,2026-03-31
1117,0,80,60.07,19,2026-03-31
1118,0,49,20.23,24,2026-03-31
1119,0,39,17.89,32,2026-03-31
1120,0,42,21.05,11,2026-03-31
1121,0,75,29.75,12,2026-03-31
1122,1,11,131.17,148,2026-03-31
1123,1,20,149.97,109,2026-03-31
1124,1,9,152.43,118,2026-03-31
1125,0,42,25.82,20,2026-03-31
1126,0,81,25.48,19,2026-03-31
1127,1,24,95.31,106,2026-03-31
1128,0,62,42.41,28,2026-03-31
1129,1,28,74.83,147,2026-03-31
1130,0,36,9.03,2,2026-03-31
1131,0,36,28.58,4,2026-03-31
1132,0,44,39.38,32,2026-03-31
1133,1,23,119.06,169,2026-03-31
1134,1,21,135.37,100,2026-03-31
1135,0,51,22.03,10,2026-03-31
1136,0,43,26.77,20,2026-03-31
1137,0,45,8.45,22,2026-03-31
1138,1,25,172.56,111,2026-03-31
1139,1,27,208.73,81,2026-03-31
1140,1,25,176.84,65,2026-03-31
1141,1,13,57.39,70,2026-03-31
1142,1,27,147.63,114,2026-03-31
1143,1,5,197.01,145,2026-03-31
1144,0,36,39.1,19,2026-03-31
1145,0,35,43.5,16,2026-03-31
1146,0,82,40.68,4,2026-03-31
1147,0,35,9.93,16,2026-03-31
1148,0,70,5.74,6,2026-03-31
1149,0,67,32.11,29,2026-03-31
1150,0,37,29.31,17,2026-03-31
1151,0,49,34.81,3,2026-03-31
1152,0,37,33.1,5,2026-03-31
1153,1,5,114.5,93,2026-03-31
1154,0,76,38.21,2,2026-03-31
1155,0,47,24.09,16,2026-03-31
1156,1,21,135.73,154,2026-03-31
1157,1,3,158.21,71,2026-03-31
1158,1,25,179.55,153,2026-03-31
1159,1,18,206.01,78,2026-03-31
1160,1,8,113.39,66,2026-03-31
1161,1,24,144.0,120,2026-03-31
1162,0,73,3.91,2,2026-03-31
1163,1,23,109.35,84,2026-03-31
1164,1,24,161.76,85,2026-03-31
1165,0,79,8.44,9,2026-03-31
1166,0,72,9.84,29,2026-03-31
1167,1,11,136.35,138,2026-03-31
1168,0,88,18.41,3,2026-03-31
1169,1,16,139.88,75,2026-03-31
1170,0,34,5.69,32,2026-03-31
1171,0,49,40.64,14,2026-03-31
1172,1,21,164.05,115,2026-03-31
1173,1,6,90.7,113,2026-03-31
1174,0,66,10.94,29,2026-03-31
1175,0,83,1.54,5,2026-03-31
1176,0,57,14.24,30,2026-03-31
1177,0,31,11.25,6,2026-03-31
1178,0,35,20.22,9,2026-03-31
1179,1,3,147.26,71,2026-03-31
1180,0,40,51.56,1,2026-03-31
1181,0,83,26.9,9,2026-03-31
1182,1,4,131.24,137,2026-03-31
1183,0,53,18.6,6,2026-03-31
1184,0,39,0.57,0,2026-03-31
1185,0,85,26.9,23,2026-03-31
1186,0,65,11.72,24,2026-03-31
1187,1,16,168.51,156,2026-03-31
1188,0,87,16.19,15,2026-03-31
1189,1,3,232.45,66,2026-03-31
1190,1,19,171.09,79,2026-03-31
1191,0,57,16.19,11,2026-03-31
1192,1,17,154.24,178,2026-03-31
1193,1,15,150.49,102,2026-03-31
1194,0,35,29.58,34,2026-03-31
1195,1,3,146.5,45,2026-03-31
1196,1,7,191.85,71,2026-03-31
1197,0,61,15.46,8,2026-03-31
1198,0,70,23.75,10,2026-03-31
1199,0,63,39.9,17,2026-03-31
1200,1,16,88.87,67,2026-03-31
1201,0,74,53.2,28,2026-03-31
1202,1,16,181.73,126,2026-03-31
1203,1,20,221.8,177,2026-03-31
1204,0,56,16.99,0,2026-03-31
1205,0,65,16.19,16,2026-03-31
1206,0,60,18.04,31,2026-03-31
1207,0,62,26.6,26,2026-03-31
1208,0,38,5.76,3,2026-03-31
1209,1,13,147.89,112,2026-03-31
1210,0,86,14.47,8,2026-03-31
1211,0,80,18.83,8,2026-03-31
1212,0,87,46.05,27,2026-03-31
1213,1,28,160.3,102,2026-03-31
1214,0,72,5.12,1,2026-03-31
1215,0,47,39.48,22,2026-03-31
1216,0,57,27.28,30,2026-03-31
1217,1,26,201.0,172,2026-03-31
1218,1,16,185.79,120,2026-03-31
1219,0,72,22.18,12,2026-03-31
1220,1,29,118.35,80,2026-03-31
1221,0,63,31.48,19,2026-03-31
1222,1,29,145.44,174,2026-03-31
1223,1,24,132.9,145,2026-03-31
1224,1,30,181.78,67,2026-03-31
1225,1,29,75.55,138,2026-03-31
1226,0,80,15.73,4,2026-03-31
1227,0,84,76.4,22,2026-03-31
1228,1,24,104.9,160,2026-03-31
1229,0,72,15.69,26,2026-03-31
1230,0,43,40.54,30,2026-03-31
1231,0,74,34.47,6,2026-03-31
1232,1,26,100.12,170,2026-03-31
1233,1,29,122.2,61,2026-03-31
1234,1,22,118.52,151,2026-03-31
1235,1,6,210.97,107,2026-03-31
1236,0,65,35.22,4,2026-03-31
1237,0,82,8.99,30,2026-03-31
1238,0,57,21.55,12,2026-03-31
1239,1,27,138.4,122,2026-03-31
1240,1,15,92.92,96,2026-03-31
1241,0,80,7.79,2,2026-03-31
1242,0,31,6.0,14,2026-03-31
1243,1,8,151.89,132,2026-03-31
1244,0,43,0.37,10,2026-03-31
1245,0,50,21.62,17,2026-03-31
1246,1,5,108.79,157,2026-03-31
1247,0,51,0.0,9,2026-03-31
1248,1,24,89.25,164,2026-03-31
1249,1,11,72.66,140,2026-03-31
1250,1,21,152.24,98,2026-03-31
1251,0,66,7.76,12,2026-03-31
1252,1,2,202.28,81,2026-03-31
1253,1,13,167.94,158,2026-03-31
1254,0,34,12.35,22,2026-03-31
1255,0,50,50.14,21,2026-03-31
1256,1,21,86.76,105,2026-03-31
1257,0,47,0.0,30,2026-03-31
1258,1,5,107.9,126,2026-03-31
1259,0,82,20.49,26,2026-03-31
1260,1,24,87.32,50,2026-03-31
1261,0,86,3.31,1,2026-03-31
1262,0,75,18.89,20,2026-03-31
1263,0,64,8.39,21,2026-03-31
1264,0,39,31.79,14,2026-03-31
1265,0,66,1.73,23,2026-03-31
1266,0,46,21.44,15,2026-03-31
1267,0,62,14.91,6,2026-03-31
1268,0,46,24.13,8,2026-03-31
1269,0,74,15.93,14,2026-03-31
1270,0,61,3.65,32,2026-03-31
1271,0,70,16.52,9,2026-03-31
1272,0,79,0.89,22,2026-03-31
1273,0,82,4.61,8,2026-03-31
1274,1,21,135.35,89,2026-03-31
1275,0,42,0.0,11,2026-03-31
1276,1,25,125.18,170,2026-03-31
1277,1,22,126.53,161,2026-03-31
1278,0,45,49.53,6,2026-03-31
1279,1,15,135.12,151,2026-03-31
1280,1,26,50.96,173,2026-03-31
1281,0,87,31.24,5,2026-03-31
1282,1,24,163.69,140,2026-03-31
1283,0,58,36.89,25,2026-03-31
1284,0,48,15.51,30,2026-03-31
1285,0,39,15.97,7,2026-03-31
1286,1,4,150.78,152,2026-03-31
1287,1,9,139.23,48,2026-03-31
1288,0,65,19.26,8,2026-03-31
1289,0,38,28.9,23,2026-03-31
1290,0,37,12.1,21,2026-03-31
1291,1,21,124.74,65,2026-03-31
1292,0,58,13.67,7,2026-03-31
1293,0,67,13.01,10,2026-03-31
1294,0,31,54.38,7,2026-03-31
1295,0,37,20.49,0,2026-03-31
1296,0,33,32.88,6,2026-03-31
1297,0,46,18.56,30,2026-03-31
1298,0,31,3.42,23,2026-03-31
1299,0,45,5.8,22,2026-03-31
1300,1,4,68.85,145,2026-03-31
1301,1,15,147.42,176,2026-03-31
1302,0,62,31.17,32,2026-03-31
1303,1,8,203.76,153,2026-03-31
1304,1,7,162.23,145,2026-03-31
1305,0,72,28.48,23,2026-03-31
1306,0,81,26.91,9,2026-03-31
1307,0,64,29.22,19,2026-03-31
1308,1,28,142.63,135,2026-03-31
1309,1,30,167.72,129,2026-03-31
1310,0,48,21.94,25,2026-03-31
1311,0,57,53.72,32,2026-03-31
1312,1,23,202.69,69,2026-03-31
1313,1,23,109.13,71,2026-03-31
1314,1,30,245.3,105,2026-03-31
1315,1,30,177.31,171,2026-03-31
1316,1,18,128.51,87,2026-03-31
1317,0,74,12.12,0,2026-03-31
1318,0,70,31.62,2,2026-03-31
1319,1,30,201.8,74,2026-03-31
1320,1,11,152.68,133,2026-03-31
1321,0,78,24.34,6,2026-03-31
1322,1,7,214.98,62,2026-03-31
1323,1,22,202.72,156,2026-03-31
1324,0,38,24.9,21,2026-03-31
1325,0,89,8.39,29,2026-03-31
1326,1,24,129.98,82,2026-03-31
1327,1,14,129.67,94,2026-03-31
1328,0,59,20.01,19,2026-03-31
1329,1,7,122.47,133,2026-03-31
1330,1,19,89.89,108,2026-03-31
1331,1,14,228.26,112,2026-03-31
1332,0,36,7.23,31,2026-03-31
1333,0,42,29.02,7,2026-03-31
1334,0,67,26.72,22,2026-03-31
1335,0,41,7.07,27,2026-03-31
1336,0,40,38.18,19,2026-03-31
1337,1,8,161.07,122,2026-03-31
1338,1,15,160.06,73,2026-03-31
1339,0,35,39.47,11,2026-03-31
1340,0,64,53.01,16,2026-03-31
1341,0,60,16.94,22,2026-03-31
1342,1,13,201.12,93,2026-03-31
1343,1,21,169.17,84,2026-03-31
1344,0,84,12.88,23,2026-03-31
1345,0,53,24.85,8,2026-03-31
1346,0,73,27.63,33,2026-03-31
1347,0,50,27.36,18,2026-03-31
1348,0,86,35.16,33,2026-03-31
1349,0,44,32.55,1,2026-03-31
1350,0,82,20.8,14,2026-03-31
1351,0,52,0.0,24,2026-03-31
1352,1,29,155.85,178,2026-03-31
1353,1,7,153.76,111,2026-03-31
1354,0,71,26.88,16,2026-03-31
1355,0,60,0.28,6,2026-03-31
1356,1,14,43.12,98,2026-03-31
1357,1,8,189.76,52,2026-03-31
1358,1,18,146.75,168,2026-03-31
1359,1,17,187.62,90,2026-03-31
1360,0,52,45.55,25,2026-03-31
1361,1,8,102.91,138,2026-03-31
1362,0,38,38.53,25,2026-03-31
1363,0,70,15.41,30,2026-03-31
1364,0,59,17.3,21,2026-03-31
1365,0,39,53.83,22,2026-03-31
1366,0,83,24.26,22,2026-03-31
1367,0,68,0.0,29,2026-03-31
1368,1,18,130.52,127,2026-03-31
1369,0,35,20.92,7,2026-03-31
1370,0,65,15.32,19,2026-03-31
1371,0,68,3.13,26,2026-03-31
1372,1,30,188.6,140,2026-03-31
1373,1,24,230.52,137,2026-03-31
1374,0,62,12.94,32,2026-03-31
1375,0,31,26.04,17,2026-03-31
1376,0,69,13.29,12,2026-03-31
1377,1,4,154.84,164,2026-03-31
1378,1,7,156.1,138,2026-03-31
1379,0,55,34.2,6,2026-03-31
1380,0,59,37.88,1,2026-03-31
1381,0,70,15.38,0,2026-03-31
1382,1,5,190.53,73,2026-03-31
1383,0,42,55.97,32,2026-03-31
1384,0,71,29.5,17,2026-03-31
1385,1,29,67.21,165,2026-03-31
1386,1,30,49.24,55,2026-03-31
1387,1,15,242.72,107,2026-03-31
1388,1,15,189.44,64,2026-03-31
1389,0,48,26.03,5,2026-03-31
1390,0,55,17.26,21,2026-03-31
1391,0,43,3.87,18,2026-03-31
1392,1,18,172.29,163,2026-03-31
1393,0,63,0.0,15,2026-03-31
1394,1,18,97.57,82,2026-03-31
1395,0,51,28.34,22,2026-03-31
1396,1,4,111.38,67,2026-03-31
1397,1,29,129.0,175,2026-03-31
1398,0,88,33.69,20,2026-03-31
1399,1,9,178.26,77,2026-03-31
1400,0,77,20.02,22,2026-03-31
1401,1,10,115.96,71,2026-03-31
1402,0,49,30.14,26,2026-03-31
1403,0,55,2.97,2,2026-03-31
1404,1,29,205.29,118,2026-03-31
1405,0,68,16.16,25,2026-03-31
1406,0,58,34.13,24,2026-03-31
1407,0,74,37.35,12,2026-03-31
1408,0,70,31.69,17,2026-03-31
1409,0,76,20.49,13,2026-03-31
1410,0,69,7.81,6,2026-03-31
1411,1,30,92.49,123,2026-03-31
1412,0,62,21.69,33,2026-03-31
1413,0,85,26.55,4,2026-03-31
1414,0,34,18.06,18,2026-03-31
1415,1,10,97.41,82,2026-03-31
1416,1,6,199.5,161,2026-03-31
1417,1,30,127.6,77,2026-03-31
1418,0,89,4.48,23,2026-03-31
1419,0,55,34.57,30,2026-03-31
1420,1,29,179.62,168,2026-03-31
1421,1,6,160.24,97,2026-03-31
1422,0,82,26.95,12,2026-03-31
1423,0,46,22.72,27,2026-03-31
1424,0,49,19.81,33,2026-03-31
1425,0,85,6.49,32,2026-03-31
1426,0,63,16.55,8,2026-03-31
1427,1,15,93.44,72,2026-03-31
1428,0,66,36.1,28,2026-03-31
1429,1,23,89.5,45,2026-03-31
1430,1,19,134.8,138,2026-03-31
1431,1,27,108.03,144,2026-03-31
1432,0,36,24.05,27,2026-03-31
1433,0,58,27.36,10,2026-03-31
1434,1,9,157.76,84,2026-03-31
1435,0,52,11.17,2,2026-03-31
1436,1,15,101.85,155,2026-03-31
1437,1,28,153.08,119,2026-03-31
1438,0,79,34.74,29,2026-03-31
1439,0,53,33.31,30,2026-03-31
1440,0,42,20.07,22,2026-03-31
1441,1,21,228.56,160,2026-03-31
1442,0,51,16.29,19,2026-03-31
1443,1,7,116.09,179,2026-03-31
1444,1,17,152.33,132,2026-03-31
1445,0,65,14.0,7,2026-03-31
1446,1,13,186.99,46,2026-03-31
1447,0,86,0.0,31,2026-03-31
1448,1,23,137.31,176,2026-03-31
1449,0,73,0.0,34,2026-03-31
1450,0,72,30.81,9,2026-03-31
1451,0,65,2.65,32,2026-03-31
1452,0,36,5.9,30,2026-03-31
1453,0,62,14.48,18,2026-03-31
1454,1,22,184.83,83,2026-03-31
1455,1,13,124.9,175,2026-03-31
1456,0,78,15.13,15,2026-03-31
1457,1,29,210.73,122,2026-03-31
1458,0,35,8.58,26,2026-03-31
1459,0,52,26.5,19,2026-03-31
1460,0,62,29.89,31,2026-03-31
1461,0,90,0.0,3,2026-03-31
1462,0,76,17.09,29,2026-03-31
1463,0,65,12.47,24,2026-03-31
1464,1,9,255.13,49,2026-03-31
1465,0,41,29.93,4,2026-03-31
1466,0,70,26.39,20,2026-03-31
1467,0,61,30.8,21,2026-03-31
1468,0,34,9.16,18,2026-03-31
1469,1,21,135.05,154,2026-03-31
1470,0,85,32.42,31,2026-03-31
1471,1,12,84.09,129,2026-03-31
1472,0,61,0.0,11,2026-03-31
1473,0,33,26.17,17,2026-03-31
1474,0,76,1.5,32,2026-03-31
1475,0,53,3.63,28,2026-03-31
1476,1,4,169.15,109,2026-03-31
1477,0,71,33.81,6,2026-03-31
1478,1,27,96.53,81,2026-03-31
1479,0,80,23.62,26,2026-03-31
1480,0,83,28.71,17,2026-03-31
1481,1,22,88.2,104,2026-03-31
1482,0,90,0.0,21,2026-03-31
1483,1,11,97.41,75,2026-03-31
1484,1,19,98.79,120,2026-03-31
1485,0,36,12.13,14,2026-03-31
1486,1,12,159.0,71,2026-03-31
1487,0,78,37.62,8,2026-03-31
1488,0,52,42.96,0,2026-03-31
1489,1,30,74.83,121,2026-03-31
1490,1,5,152.02,159,2026-03-31
1491,1,9,94.15,141,2026-03-31
1492,0,68,16.68,24,2026-03-31
1493,0,89,16.36,10,2026-03-31
1494,0,71,30.59,34,2026-03-31
1495,0,63,27.91,5,2026-03-31
1496,0,64,28.26,8,2026-03-31
1497,0,89,17.73,29,2026-03-31
1498,1,4,112.05,115,2026-03-31
1499,1,3,133.87,120,2026-03-31
1500,1,3,173.97,104,2026-03-31
1501,1,28,88.36,132,2026-03-31
1502,0,54,27.62,0,2026-03-31
1503,1,28,192.72,82,2026-03-31
1504,0,33,6.25,12,2026-03-31
1505,1,11,241.42,142,2026-03-31
1506,1,1,192.49,173,2026-03-31
1507,0,63,19.45,8,2026-03-31
1508,1,15,107.79,114,2026-03-31
1509,1,18,172.35,102,2026-03-31
1510,0,45,35.66,18,2026-03-31
1511,0,64,29.74,8,2026-03-31
1512,0,78,55.11,30,2026-03-31
1513,0,52,32.37,22,2026-03-31
1514,0,61,35.47,24,2026-03-31
1515,1,12,205.04,115,2026-03-31
1516,1,18,145.4,163,2026-03-31
1517,1,30,167.39,163,2026-03-31
1518,0,47,12.7,14,2026-03-31
1519,0,65,46.59,16,2026-03-31
1520,0,62,21.4,26,2026-03-31
1521,1,23,166.5,109,2026-03-31
1522,1,2,191.16,159,2026-03-31
1523,0,62,12.04,0,2026-03-31
1524,0,69,22.92,12,2026-03-31
1525,1,23,197.53,102,2026-03-31
1526,0,73,34.19,15,2026-03-31
1527,0,81,34.32,34,2026-03-31
1528,1,3,138.18,121,2026-03-31
1529,0,45,10.41,8,2026-03-31
1530,0,68,29.05,8,2026-03-31
1531,0,31,10.89,31,2026-03-31
1532,1,27,186.4,176,2026-03-31
1533,0,60,36.94,12,2026-03-31
1534,0,36,24.59,31,2026-03-31
1535,0,76,16.45,14,2026-03-31
1536,0,65,31.28,1,2026-03-31
1537,0,46,3.26,25,2026-03-31
1538,0,78,36.2,22,2026-03-31
1539,1,19,165.75,143,2026-03-31
1540,1,28,178.95,164,2026-03-31
1541,0,85,40.32,33,2026-03-31
1542,0,87,57.82,33,2026-03-31
1543,1,19,167.17,59,2026-03-31
1544,0,43,41.65,29,2026-03-31
1545,0,75,20.68,23,2026-03-31
1546,1,11,55.9,138,2026-03-31
1547,0,82,20.29,6,2026-03-31
1548,0,62,19.7,30,2026-03-31
1549,0,50,18.72,18,2026-03-31
1550,0,40,14.86,4,2026-03-31
1551,1,23,105.81,77,2026-03-31
1552,0,43,12.71,10,2026-03-31
1553,0,86,9.72,16,2026-03-31
1554,0,73,18.84,31,2026-03-31
1555,0,89,20.43,26,2026-03-31
1556,1,26,141.74,78,2026-03-31
1557,1,4,185.23,76,2026-03-31
1558,0,37,29.18,25,2026-03-31
1559,1,29,129.22,73,2026-03-31
1560,0,45,36.28,17,2026-03-31
1561,0,74,15.58,11,2026-03-31
1562,0,74,48.45,11,2026-03-31
1563,0,78,33.37,2,2026-03-31
1564,1,1,123.12,152,2026-03-31
1565,0,78,4.34,11,2026-03-31
1566,0,50,8.18,11,2026-03-31
1567,1,30,147.99,51,2026-03-31
1568,0,81,6.39,3,2026-03-31
1569,0,51,14.83,26,2026-03-31
1570,0,77,24.48,23,2026-03-31
1571,1,28,134.07,89,2026-03-31
1572,0,54,33.55,22,2026-03-31
1573,0,54,36.39,26,2026-03-31
1574,0,42,6.38,12,2026-03-31
1575,1,1,93.6,53,2026-03-31
1576,1,15,126.75,154,2026-03-31
1577,0,53,18.67,27,2026-03-31
1578,0,49,27.19,13,2026-03-31
1579,0,88,0.0,32,2026-03-31
1580,1,5,100.81,50,2026-03-31
1581,0,62,0.0,19,2026-03-31
1582,0,40,30.06,4,2026-03-31
1583,1,28,161.35,67,2026-03-31
1584,0,42,24.39,22,2026-03-31
1585,0,33,18.1,13,2026-03-31
1586,0,71,35.95,3,2026-03-31
1587,1,21,82.24,173,2026-03-31
1588,1,29,120.6,167,2026-03-31
1589,0,36,30.9,27,2026-03-31
1590,0,55,53.26,10,2026-03-31
1591,0,79,10.75,30,2026-03-31
1592,1,26,186.27,99,2026-03-31
1593,1,9,147.0,79,2026-03-31
1594,1,18,126.58,95,2026-03-31
1595,0,88,46.41,27,2026-03-31
1596,0,42,24.82,30,2026-03-31
1597,1,13,123.97,64,2026-03-31
1598,0,81,16.21,0,2026-03-31
1599,0,75,13.56,18,2026-03-31
1600,1,5,168.18,73,2026-03-31
1601,0,64,39.88,33,2026-03-31
1602,0,82,6.99,17,2026-03-31
1603,1,7,140.64,96,2026-03-31
1604,0,76,8.97,34,2026-03-31
1605,1,11,101.39,142,2026-03-31
1606,1,1,81.28,164,2026-03-31
1607,0,42,6.02,5,2026-03-31
1608,0,47,26.66,26,2026-03-31
1609,0,82,27.31,5,2026-03-31
1610,1,7,185.88,132,2026-03-31
1611,0,69,25.77,11,2026-03-31
1612,0,75,31.38,22,2026-03-31
1613,0,90,40.78,5,2026-03-31
1614,1,20,128.89,163,2026-03-31
1615,1,20,208.3,81,2026-03-31
1616,1,20,193.62,111,2026-03-31
1617,0,85,19.05,13,2026-03-31
1618,0,57,34.12,18,2026-03-31
1619,1,23,98.12,69,2026-03-31
1620,0,51,20.59,33,2026-03-31
1621,1,28,213.57,110,2026-03-31
1622,1,14,137.77,163,2026-03-31
1623,0,42,22.78,33,2026-03-31
1624,0,41,28.38,6,2026-03-31
1625,0,74,35.95,20,2026-03-31
1626,0,31,21.44,8,2026-03-31
1627,1,7,141.43,152,2026-03-31
1628,0,62,23.48,7,2026-03-31
1629,0,73,5.4,31,2026-03-31
1630,1,2,168.65,160,2026-03-31
1631,1,2,193.52,71,2026-03-31
1632,1,25,196.69,64,2026-03-31
1633,1,12,135.25,90,2026-03-31
1634,0,42,18.9,10,2026-03-31
1635,1,13,136.02,105,2026-03-31
1636,0,69,24.9,2,2026-03-31
1637,1,26,200.13,175,2026-03-31
1638,1,15,162.92,67,2026-03-31
1639,1,22,79.25,116,2026-03-31
1640,0,55,15.68,1,2026-03-31
1641,0,70,18.79,12,2026-03-31
1642,1,7,177.93,67,2026-03-31
1643,1,1,124.21,52,2026-03-31
1644,1,28,188.36,150,2026-03-31
1645,0,78,24.16,20,2026-03-31
1646,0,81,19.59,22,2026-03-31
1647,0,55,28.1,34,2026-03-31
1648,0,67,2.16,28,2026-03-31
1649,1,21,135.15,178,2026-03-31
1650,0,69,30.14,7,2026-03-31
1651,0,86,11.15,24,2026-03-31
1652,1,20,175.92,143,2026-03-31
1653,0,64,34.22,0,2026-03-31
1654,0,33,9.94,11,2026-03-31
1655,1,30,94.37,176,2026-03-31
1656,0,44,20.11,6,2026-03-31
1657,0,70,29.9,18,2026-03-31
1658,0,43,22.15,1,2026-03-31
1659,1,2,155.42,90,2026-03-31
1660,1,17,139.08,111,2026-03-31
1661,1,10,132.13,76,2026-03-31
1662,0,68,0.0,8,2026-03-31
1663,1,11,66.96,139,2026-03-31
1664,0,54,17.65,8,2026-03-31
1665,0,40,22.36,32,2026-03-31
1666,0,42,17.36,30,2026-03-31
1667,0,76,8.58,23,2026-03-31
1668,0,81,25.81,14,2026-03-31
1669,0,58,24.1,2,2026-03-31
1670,0,81,0.0,14,2026-03-31
1671,0,59,18.18,34,2026-03-31
1672,0,60,25.18,26,2026-03-31
1673,0,84,9.24,22,2026-03-31
1674,1,22,105.16,61,2026-03-31
1675,0,69,37.28,19,2026-03-31
1676,0,65,19.43,22,2026-03-31
1677,0,82,0.0,13,2026-03-31
1678,0,63,28.22,1,2026-03-31
1679,1,5,85.21,119,2026-03-31
1680,0,44,45.47,4,2026-03-31
1681,0,88,14.47,12,2026-03-31
1682,1,6,180.58,62,2026-03-31
1683,1,2,191.48,147,2026-03-31
1684,0,59,21.7,11,2026-03-31
1685,1,9,199.99,50,2026-03-31
1686,0,63,24.04,25,2026-03-31
1687,0,68,29.47,8,2026-03-31
1688,0,64,50.51,19,2026-03-31
1689,1,14,117.74,71,2026-03-31
1690,0,77,8.61,14,2026-03-31
1691,1,6,143.85,146,2026-03-31
1692,1,10,124.1,175,2026-03-31
1693,0,66,19.58,4,2026-03-31
1694,0,82,12.58,17,2026-03-31
1695,1,20,221.93,78,2026-03-31
1696,1,2,185.6,55,2026-03-31
1697,1,20,219.57,153,2026-03-31
1698,0,73,27.63,6,2026-03-31
1699,1,4,78.88,161,2026-03-31
1700,0,60,16.84,10,2026-03-31
1701,1,4,92.42,74,2026-03-31
1702,0,84,0.0,16,2026-03-31
1703,0,66,21.69,27,2026-03-31
1704,1,15,156.88,47,2026-03-31
1705,1,1,144.86,149,2026-03-31
1706,0,75,28.95,30,2026-03-31
1707,1,8,98.8,82,2026-03-31
1708,0,57,38.72,7,2026-03-31
1709,0,65,17.82,13,2026-03-31
1710,1,2,159.58,161,2026-03-31
1711,0,49,26.67,32,2026-03-31
1712,1,15,114.38,79,2026-03-31
1713,0,59,42.17,27,2026-03-31
1714,0,73,29.87,11,2026-03-31
1715,0,67,13.99,27,2026-03-31
1716,1,12,92.14,69,2026-03-31
1717,1,2,105.64,64,2026-03-31
1718,0,32,12.15,8,2026-03-31
1719,0,34,36.44,25,2026-03-31
1720,1,6,166.51,158,2026-03-31
1721,0,59,14.18,23,2026-03-31
1722,0,68,8.37,9,2026-03-31
1723,0,51,37.94,33,2026-03-31
1724,1,5,125.05,106,2026-03-31
1725,1,26,101.06,164,2026-03-31
1726,0,44,25.11,2,2026-03-31
1727,0,88,17.29,7,2026-03-31
1728,0,49,23.97,3,2026-03-31
1729,1,20,188.64,53,2026-03-31
1730,1,11,94.67,111,2026-03-31
1731,1,2,140.08,99,2026-03-31
1732,0,89,19.43,20,2026-03-31
1733,0,65,4.62,16,2026-03-31
1734,1,12,155.7,120,2026-03-31
1735,0,67,4.71,20,2026-03-31
1736,1,18,185.25,52,2026-03-31
1737,0,64,22.35,11,2026-03-31
1738,1,10,165.94,53,2026-03-31
1739,0,60,42.79,1,2026-03-31
1740,1,13,166.98,75,2026-03-31
1741,0,58,0.0,13,2026-03-31
1742,0,70,42.61,23,2026-03-31
1743,0,88,34.32,24,2026-03-31
1744,0,51,11.03,29,2026-03-31
1745,0,82,26.4,14,2026-03-31
1746,0,32,17.74,24,2026-03-31
1747,1,8,110.23,77,2026-03-31
1748,0,48,29.38,24,2026-03-31
1749,0,76,29.67,15,2026-03-31
1750,1,11,195.14,126,2026-03-31
1751,1,30,99.36,172,2026-03-31
1752,0,73,14.49,5,2026-03-31
1753,1,21,107.31,167,2026-03-31
1754,0,82,4.45,1,2026-03-31
1755,0,61,37.16,28,2026-03-31
1756,0,86,62.95,13,2026-03-31
1757,0,58,20.38,2,2026-03-31
1758,0,65,20.68,6,2026-03-31
1759,1,13,154.09,100,2026-03-31
1760,0,51,0.0,20,2026-03-31
1761,0,72,12.41,18,2026-03-31
1762,0,62,27.25,10,2026-03-31
1763,0,72,19.46,9,2026-03-31
1764,1,4,207.34,143,2026-03-31
1765,1,19,118.39,81,2026-03-31
1766,0,57,36.3,32,2026-03-31
1767,0,40,29.07,25,2026-03-31
1768,1,6,165.6,152,2026-03-31
1769,0,35,27.2,27,2026-03-31
1770,1,8,84.09,135,2026-03-31
1771,1,24,191.92,51,2026-03-31
1772,1,3,189.54,135,2026-03-31
1773,1,4,134.68,76,2026-03-31
1774,0,32,21.77,1,2026-03-31
1775,0,72,7.46,0,2026-03-31
1776,1,22,167.78,132,2026-03-31
1777,0,80,18.52,24,2026-03-31
1778,0,74,20.48,13,2026-03-31
1779,0,73,45.86,24,2026-03-31
1780,1,19,123.26,158,2026-03-31
1781,0,54,18.07,31,2026-03-31
1782,0,55,39.35,11,2026-03-31
1783,0,83,17.26,2,2026-03-31
1784,1,8,133.58,159,2026-03-31
1785,0,49,18.6,26,2026-03-31
1786,0,66,39.95,6,2026-03-31
1787,0,89,49.16,34,2026-03-31
1788,0,58,24.44,34,2026-03-31
1789,1,15,90.92,156,2026-03-31
1790,0,38,21.27,24,2026-03-31
1791,0,57,14.78,1,2026-03-31
1792,0,33,19.88,23,2026-03-31
1793,1,27,184.75,87,2026-03-31
1794,0,50,3.2,5,2026-03-31
1795,1,1,137.79,107,2026-03-31
1796,0,66,18.49,15,2026-03-31
1797,0,56,4.39,25,2026-03-31
1798,1,15,104.85,123,2026-03-31
1799,1,13,76.43,162,2026-03-31
1800,0,71,32.22,26,2026-03-31
